{
    "format_version": "1.21.10",
    "minecraft:item": {
        "description": {
            "identifier": "douarmc:double_saddle",
            "menu_category": {
                "category": "equipment",
                "is_hidden_in_commands": false
            }
        },
        "components": {
            "minecraft:icon": {
                "textures": {
                    "default": "douarmc:double_saddle"
                }
            },
            "minecraft:max_stack_size": 1
        }
    }
}