{
    "format_version": "1.21.20",
    "minecraft:recipe_shapeless": {
        "description": {
            "identifier": "douarmc:double_saddle"
        },
        "tags": ["crafting_table"],
        "unlock": [
            {
                "item": "saddle"
            }
        ],
        "ingredients": [
            {
                "item": "minecraft:saddle",
                "count": 1
            },
            {
                "item": "minecraft:saddle",
                "count": 1
            }
        ],
        "result": {
            "item": "douarmc:double_saddle"
        }
    }
}